State ID,State,State Abbreviation,Latitude,Longitude,HxPosition,HyPosition,SxPosition,SyPosition,Month,Month Number,Year,Sales
1,Alabama,AL,32.31823,-86.902298,7,1,6,1,Jan,1,2021,50000
1,Alabama,AL,32.31823,-86.902298,7,1,6,1,Jan,1,2022,56370
1,Alabama,AL,32.31823,-86.902298,7,1,6,1,Feb,2,2021,50000
1,Alabama,AL,32.31823,-86.902298,7,1,6,1,Feb,2,2022,56370
1,Alabama,AL,32.31823,-86.902298,7,1,6,1,Mar,3,2021,50000
1,Alabama,AL,32.31823,-86.902298,7,1,6,1,Mar,3,2022,56370
1,Alabama,AL,32.31823,-86.902298,7,1,6,1,Apr,4,2021,50000
1,Alabama,AL,32.31823,-86.902298,7,1,6,1,Apr,4,2022,51816
1,Alabama,AL,32.31823,-86.902298,7,1,6,1,May,5,2021,100768
1,Alabama,AL,32.31823,-86.902298,7,1,6,1,May,5,2022,26160
1,Alabama,AL,32.31823,-86.902298,7,1,6,1,Jun,6,2021,22490
1,Alabama,AL,32.31823,-86.902298,7,1,6,1,Jul,7,2021,29000
1,Alabama,AL,32.31823,-86.902298,7,1,6,1,Aug,8,2021,19705
1,Alabama,AL,32.31823,-86.902298,7,1,6,1,Sep,9,2021,156297
1,Alabama,AL,32.31823,-86.902298,7,1,6,1,Oct,10,2021,462973
1,Alabama,AL,32.31823,-86.902298,7,1,6,1,Nov,11,2021,462973
1,Alabama,AL,32.31823,-86.902298,7,1,6,1,Dec,12,2021,462973
4,Arizona,AZ,34.048927,-111.093735,2.5,1.5,1,2,Jan,1,2021,50000
4,Arizona,AZ,34.048927,-111.093735,2.5,1.5,1,2,Jan,1,2022,10092.2
4,Arizona,AZ,34.048927,-111.093735,2.5,1.5,1,2,Feb,2,2021,14368
4,Arizona,AZ,34.048927,-111.093735,2.5,1.5,1,2,Feb,2,2022,88299
4,Arizona,AZ,34.048927,-111.093735,2.5,1.5,1,2,Mar,3,2021,47550.2
4,Arizona,AZ,34.048927,-111.093735,2.5,1.5,1,2,Mar,3,2022,100000
4,Arizona,AZ,34.048927,-111.093735,2.5,1.5,1,2,Apr,4,2021,273842.7
4,Arizona,AZ,34.048927,-111.093735,2.5,1.5,1,2,Apr,4,2022,56089.6
4,Arizona,AZ,34.048927,-111.093735,2.5,1.5,1,2,May,5,2021,18552.8
4,Arizona,AZ,34.048927,-111.093735,2.5,1.5,1,2,May,5,2022,82777.1
4,Arizona,AZ,34.048927,-111.093735,2.5,1.5,1,2,Jun,6,2021,50000
4,Arizona,AZ,34.048927,-111.093735,2.5,1.5,1,2,Jul,7,2021,53228
4,Arizona,AZ,34.048927,-111.093735,2.5,1.5,1,2,Aug,8,2021,43687.7
4,Arizona,AZ,34.048927,-111.093735,2.5,1.5,1,2,Sep,9,2021,43687.7
4,Arizona,AZ,34.048927,-111.093735,2.5,1.5,1,2,Oct,10,2021,53368.8
4,Arizona,AZ,34.048927,-111.093735,2.5,1.5,1,2,Nov,11,2021,35442.2
4,Arizona,AZ,34.048927,-111.093735,2.5,1.5,1,2,Dec,12,2021,97092.7
5,Arkansas,AR,34.799999,-92.199997,5.5,1.5,4,2,Jan,1,2021,50000
5,Arkansas,AR,34.799999,-92.199997,5.5,1.5,4,2,Jan,1,2022,40410
5,Arkansas,AR,34.799999,-92.199997,5.5,1.5,4,2,Feb,2,2021,40000
5,Arkansas,AR,34.799999,-92.199997,5.5,1.5,4,2,Feb,2,2022,30410
5,Arkansas,AR,34.799999,-92.199997,5.5,1.5,4,2,Mar,3,2021,55000
5,Arkansas,AR,34.799999,-92.199997,5.5,1.5,4,2,Mar,3,2022,45410
5,Arkansas,AR,34.799999,-92.199997,5.5,1.5,4,2,Apr,4,2021,21584
5,Arkansas,AR,34.799999,-92.199997,5.5,1.5,4,2,Apr,4,2022,60000
5,Arkansas,AR,34.799999,-92.199997,5.5,1.5,4,2,May,5,2021,14052
5,Arkansas,AR,34.799999,-92.199997,5.5,1.5,4,2,May,5,2022,48900
5,Arkansas,AR,34.799999,-92.199997,5.5,1.5,4,2,Jun,6,2021,47887
5,Arkansas,AR,34.799999,-92.199997,5.5,1.5,4,2,Jul,7,2021,57887
5,Arkansas,AR,34.799999,-92.199997,5.5,1.5,4,2,Aug,8,2021,61887
5,Arkansas,AR,34.799999,-92.199997,5.5,1.5,4,2,Sep,9,2021,73950
5,Arkansas,AR,34.799999,-92.199997,5.5,1.5,4,2,Oct,10,2021,67887
5,Arkansas,AR,34.799999,-92.199997,5.5,1.5,4,2,Nov,11,2021,89980
5,Arkansas,AR,34.799999,-92.199997,5.5,1.5,4,2,Dec,12,2021,88948
6,California,CA,36.778259,-119.417931,1.5,1.5,0,3,Jan,1,2021,287646.4
6,California,CA,36.778259,-119.417931,1.5,1.5,0,3,Jan,1,2022,516343.2
6,California,CA,36.778259,-119.417931,1.5,1.5,0,3,Feb,2,2021,308579.4
6,California,CA,36.778259,-119.417931,1.5,1.5,0,3,Feb,2,2022,686488.3
6,California,CA,36.778259,-119.417931,1.5,1.5,0,3,Mar,3,2021,792872.1
6,California,CA,36.778259,-119.417931,1.5,1.5,0,3,Mar,3,2022,733119.4
6,California,CA,36.778259,-119.417931,1.5,1.5,0,3,Apr,4,2021,629721.8
6,California,CA,36.778259,-119.417931,1.5,1.5,0,3,Apr,4,2022,878420.6
6,California,CA,36.778259,-119.417931,1.5,1.5,0,3,May,5,2021,534492.8
6,California,CA,36.778259,-119.417931,1.5,1.5,0,3,May,5,2022,615735.6
6,California,CA,36.778259,-119.417931,1.5,1.5,0,3,Jun,6,2021,806021.15
6,California,CA,36.778259,-119.417931,1.5,1.5,0,3,Jul,7,2021,860536.9
6,California,CA,36.778259,-119.417931,1.5,1.5,0,3,Aug,8,2021,957300
6,California,CA,36.778259,-119.417931,1.5,1.5,0,3,Sep,9,2021,807698.975
6,California,CA,36.778259,-119.417931,1.5,1.5,0,3,Oct,10,2021,716322.2
6,California,CA,36.778259,-119.417931,1.5,1.5,0,3,Nov,11,2021,894824.4
6,California,CA,36.778259,-119.417931,1.5,1.5,0,3,Dec,12,2021,752586.1333
8,Colorado,CO,39.113014,-105.358887,3,2,2,3,Jan,1,2021,50000
8,Colorado,CO,39.113014,-105.358887,3,2,2,3,Jan,1,2022,33768.8
8,Colorado,CO,39.113014,-105.358887,3,2,2,3,Feb,2,2021,50000
8,Colorado,CO,39.113014,-105.358887,3,2,2,3,Feb,2,2022,47160
8,Colorado,CO,39.113014,-105.358887,3,2,2,3,Mar,3,2021,23227.8
8,Colorado,CO,39.113014,-105.358887,3,2,2,3,Mar,3,2022,133249.6
8,Colorado,CO,39.113014,-105.358887,3,2,2,3,Apr,4,2021,137389.2
8,Colorado,CO,39.113014,-105.358887,3,2,2,3,Apr,4,2022,264366.1
8,Colorado,CO,39.113014,-105.358887,3,2,2,3,May,5,2021,91494.3
8,Colorado,CO,39.113014,-105.358887,3,2,2,3,May,5,2022,12078.3
8,Colorado,CO,39.113014,-105.358887,3,2,2,3,Jun,6,2021,74948.8
8,Colorado,CO,39.113014,-105.358887,3,2,2,3,Jul,7,2021,305691.2
8,Colorado,CO,39.113014,-105.358887,3,2,2,3,Aug,8,2021,36359.4
8,Colorado,CO,39.113014,-105.358887,3,2,2,3,Sep,9,2021,133441.6
8,Colorado,CO,39.113014,-105.358887,3,2,2,3,Oct,10,2021,178161.8
8,Colorado,CO,39.113014,-105.358887,3,2,2,3,Nov,11,2021,85960
8,Colorado,CO,39.113014,-105.358887,3,2,2,3,Dec,12,2021,85960
9,Connecticut,CT,41.599998,-72.699997,10.5,2.5,9,4,Jan,1,2021,18179.7
9,Connecticut,CT,41.599998,-72.699997,10.5,2.5,9,4,Jan,1,2022,17600
9,Connecticut,CT,41.599998,-72.699997,10.5,2.5,9,4,Feb,2,2021,50000
9,Connecticut,CT,41.599998,-72.699997,10.5,2.5,9,4,Feb,2,2022,61212
9,Connecticut,CT,41.599998,-72.699997,10.5,2.5,9,4,Mar,3,2021,21109
9,Connecticut,CT,41.599998,-72.699997,10.5,2.5,9,4,Mar,3,2022,82312
9,Connecticut,CT,41.599998,-72.699997,10.5,2.5,9,4,Apr,4,2021,67320
9,Connecticut,CT,41.599998,-72.699997,10.5,2.5,9,4,Apr,4,2022,40302
9,Connecticut,CT,41.599998,-72.699997,10.5,2.5,9,4,May,5,2021,80559
9,Connecticut,CT,41.599998,-72.699997,10.5,2.5,9,4,May,5,2022,100000
9,Connecticut,CT,41.599998,-72.699997,10.5,2.5,9,4,Jun,6,2021,58477
9,Connecticut,CT,41.599998,-72.699997,10.5,2.5,9,4,Jul,7,2021,58477
9,Connecticut,CT,41.599998,-72.699997,10.5,2.5,9,4,Aug,8,2021,58477
9,Connecticut,CT,41.599998,-72.699997,10.5,2.5,9,4,Sep,9,2021,48160
9,Connecticut,CT,41.599998,-72.699997,10.5,2.5,9,4,Oct,10,2021,117927
9,Connecticut,CT,41.599998,-72.699997,10.5,2.5,9,4,Nov,11,2021,80490
9,Connecticut,CT,41.599998,-72.699997,10.5,2.5,9,4,Dec,12,2021,84000
10,Delaware,DE,39,-75.5,9,2,9,3,Jan,1,2021,75677
10,Delaware,DE,39,-75.5,9,2,9,3,Jan,1,2022,62748
10,Delaware,DE,39,-75.5,9,2,9,3,Feb,2,2021,65677
10,Delaware,DE,39,-75.5,9,2,9,3,Feb,2,2022,51748
10,Delaware,DE,39,-75.5,9,2,9,3,Mar,3,2021,54677
10,Delaware,DE,39,-75.5,9,2,9,3,Mar,3,2022,70748
10,Delaware,DE,39,-75.5,9,2,9,3,Apr,4,2021,55677
10,Delaware,DE,39,-75.5,9,2,9,3,Apr,4,2022,62748
10,Delaware,DE,39,-75.5,9,2,9,3,May,5,2021,21196
10,Delaware,DE,39,-75.5,9,2,9,3,May,5,2022,44952
10,Delaware,DE,39,-75.5,9,2,9,3,Jun,6,2021,35023
10,Delaware,DE,39,-75.5,9,2,9,3,Jul,7,2021,45677
10,Delaware,DE,39,-75.5,9,2,9,3,Aug,8,2021,55677
10,Delaware,DE,39,-75.5,9,2,9,3,Sep,9,2021,75677
10,Delaware,DE,39,-75.5,9,2,9,3,Oct,10,2021,39600
10,Delaware,DE,39,-75.5,9,2,9,3,Nov,11,2021,86477
10,Delaware,DE,39,-75.5,9,2,9,3,Dec,12,2021,82807
11,District of Columbia,DC,38.942142,-77.025955,11,1.5,8,2,Jan,1,2021,50000
11,District of Columbia,DC,38.942142,-77.025955,11,1.5,8,2,Jan,1,2022,77760
11,District of Columbia,DC,38.942142,-77.025955,11,1.5,8,2,Feb,2,2021,83150
11,District of Columbia,DC,38.942142,-77.025955,11,1.5,8,2,Feb,2,2022,73000
11,District of Columbia,DC,38.942142,-77.025955,11,1.5,8,2,Mar,3,2021,63150
11,District of Columbia,DC,38.942142,-77.025955,11,1.5,8,2,Mar,3,2022,53000
11,District of Columbia,DC,38.942142,-77.025955,11,1.5,8,2,Apr,4,2021,53150
11,District of Columbia,DC,38.942142,-77.025955,11,1.5,8,2,Apr,4,2022,33000
11,District of Columbia,DC,38.942142,-77.025955,11,1.5,8,2,May,5,2021,73150
11,District of Columbia,DC,38.942142,-77.025955,11,1.5,8,2,May,5,2022,50000
11,District of Columbia,DC,38.942142,-77.025955,11,1.5,8,2,Jun,6,2021,33920
11,District of Columbia,DC,38.942142,-77.025955,11,1.5,8,2,Jul,7,2021,33920
11,District of Columbia,DC,38.942142,-77.025955,11,1.5,8,2,Aug,8,2021,33920
11,District of Columbia,DC,38.942142,-77.025955,11,1.5,8,2,Sep,9,2021,23920
11,District of Columbia,DC,38.942142,-77.025955,11,1.5,8,2,Oct,10,2021,53920
11,District of Columbia,DC,38.942142,-77.025955,11,1.5,8,2,Nov,11,2021,43920
11,District of Columbia,DC,38.942142,-77.025955,11,1.5,8,2,Dec,12,2021,63920
12,Florida,FL,27.994402,-81.760254,8,0,8,0,Jan,1,2021,25590.4
12,Florida,FL,27.994402,-81.760254,8,0,8,0,Jan,1,2022,42194.4
12,Florida,FL,27.994402,-81.760254,8,0,8,0,Feb,2,2021,47107.8
12,Florida,FL,27.994402,-81.760254,8,0,8,0,Feb,2,2022,11917.8
12,Florida,FL,27.994402,-81.760254,8,0,8,0,Mar,3,2021,147640
12,Florida,FL,27.994402,-81.760254,8,0,8,0,Mar,3,2022,13312.6
12,Florida,FL,27.994402,-81.760254,8,0,8,0,Apr,4,2021,50000
12,Florida,FL,27.994402,-81.760254,8,0,8,0,Apr,4,2022,370643.15
12,Florida,FL,27.994402,-81.760254,8,0,8,0,May,5,2021,118726.2
12,Florida,FL,27.994402,-81.760254,8,0,8,0,May,5,2022,405947
12,Florida,FL,27.994402,-81.760254,8,0,8,0,Jun,6,2021,75410
12,Florida,FL,27.994402,-81.760254,8,0,8,0,Jul,7,2021,121212.9
12,Florida,FL,27.994402,-81.760254,8,0,8,0,Aug,8,2021,130806.05
12,Florida,FL,27.994402,-81.760254,8,0,8,0,Sep,9,2021,136216
12,Florida,FL,27.994402,-81.760254,8,0,8,0,Oct,10,2021,134353.9
12,Florida,FL,27.994402,-81.760254,8,0,8,0,Nov,11,2021,253128.9
12,Florida,FL,27.994402,-81.760254,8,0,8,0,Dec,12,2021,170136.2
13,Georgia,GA,33.247875,-83.441162,7.5,0.5,7,1,Jan,1,2021,171235
13,Georgia,GA,33.247875,-83.441162,7.5,0.5,7,1,Jan,1,2022,300832
13,Georgia,GA,33.247875,-83.441162,7.5,0.5,7,1,Feb,2,2021,344155
13,Georgia,GA,33.247875,-83.441162,7.5,0.5,7,1,Feb,2,2022,124586
13,Georgia,GA,33.247875,-83.441162,7.5,0.5,7,1,Mar,3,2021,65094
13,Georgia,GA,33.247875,-83.441162,7.5,0.5,7,1,Mar,3,2022,382691
13,Georgia,GA,33.247875,-83.441162,7.5,0.5,7,1,Apr,4,2021,39270
13,Georgia,GA,33.247875,-83.441162,7.5,0.5,7,1,Apr,4,2022,419411
13,Georgia,GA,33.247875,-83.441162,7.5,0.5,7,1,May,5,2021,132670
13,Georgia,GA,33.247875,-83.441162,7.5,0.5,7,1,May,5,2022,314635
13,Georgia,GA,33.247875,-83.441162,7.5,0.5,7,1,Jun,6,2021,143878
13,Georgia,GA,33.247875,-83.441162,7.5,0.5,7,1,Jul,7,2021,88150
13,Georgia,GA,33.247875,-83.441162,7.5,0.5,7,1,Aug,8,2021,18654
13,Georgia,GA,33.247875,-83.441162,7.5,0.5,7,1,Sep,9,2021,129182
13,Georgia,GA,33.247875,-83.441162,7.5,0.5,7,1,Oct,10,2021,322907
13,Georgia,GA,33.247875,-83.441162,7.5,0.5,7,1,Nov,11,2021,322907
13,Georgia,GA,33.247875,-83.441162,7.5,0.5,7,1,Dec,12,2021,29907
16,Idaho,ID,44.068203,-114.742043,1.5,2.5,1,5,Jan,1,2021,34680
16,Idaho,ID,44.068203,-114.742043,1.5,2.5,1,5,Jan,1,2022,22000
16,Idaho,ID,44.068203,-114.742043,1.5,2.5,1,5,Feb,2,2021,31680
16,Idaho,ID,44.068203,-114.742043,1.5,2.5,1,5,Feb,2,2022,33000
16,Idaho,ID,44.068203,-114.742043,1.5,2.5,1,5,Mar,3,2021,34680
16,Idaho,ID,44.068203,-114.742043,1.5,2.5,1,5,Mar,3,2022,56000
16,Idaho,ID,44.068203,-114.742043,1.5,2.5,1,5,Apr,4,2021,24680
16,Idaho,ID,44.068203,-114.742043,1.5,2.5,1,5,Apr,4,2022,55000
16,Idaho,ID,44.068203,-114.742043,1.5,2.5,1,5,May,5,2021,50000
16,Idaho,ID,44.068203,-114.742043,1.5,2.5,1,5,May,5,2022,81452.6
16,Idaho,ID,44.068203,-114.742043,1.5,2.5,1,5,Jun,6,2021,34680
16,Idaho,ID,44.068203,-114.742043,1.5,2.5,1,5,Jul,7,2021,34680
16,Idaho,ID,44.068203,-114.742043,1.5,2.5,1,5,Aug,8,2021,34680
16,Idaho,ID,44.068203,-114.742043,1.5,2.5,1,5,Sep,9,2021,114880.6
16,Idaho,ID,44.068203,-114.742043,1.5,2.5,1,5,Oct,10,2021,34680
16,Idaho,ID,44.068203,-114.742043,1.5,2.5,1,5,Nov,11,2021,34680
16,Idaho,ID,44.068203,-114.742043,1.5,2.5,1,5,Dec,12,2021,34680
17,Illinois,IL,40,-89,5.5,2.5,5,5,Jan,1,2021,222430.8
17,Illinois,IL,40,-89,5.5,2.5,5,5,Jan,1,2022,242878.3
17,Illinois,IL,40,-89,5.5,2.5,5,5,Feb,2,2021,16718.2
17,Illinois,IL,40,-89,5.5,2.5,5,5,Feb,2,2022,182491
17,Illinois,IL,40,-89,5.5,2.5,5,5,Mar,3,2021,256844.4
17,Illinois,IL,40,-89,5.5,2.5,5,5,Mar,3,2022,142994.2
17,Illinois,IL,40,-89,5.5,2.5,5,5,Apr,4,2021,50388
17,Illinois,IL,40,-89,5.5,2.5,5,5,Apr,4,2022,112091.6
17,Illinois,IL,40,-89,5.5,2.5,5,5,May,5,2021,400661.1
17,Illinois,IL,40,-89,5.5,2.5,5,5,May,5,2022,105381.5
17,Illinois,IL,40,-89,5.5,2.5,5,5,Jun,6,2021,342098.2
17,Illinois,IL,40,-89,5.5,2.5,5,5,Jul,7,2021,139726.8
17,Illinois,IL,40,-89,5.5,2.5,5,5,Aug,8,2021,16636.8
17,Illinois,IL,40,-89,5.5,2.5,5,5,Sep,9,2021,443948.4
17,Illinois,IL,40,-89,5.5,2.5,5,5,Oct,10,2021,10403.6
17,Illinois,IL,40,-89,5.5,2.5,5,5,Nov,11,2021,79620.8
17,Illinois,IL,40,-89,5.5,2.5,5,5,Dec,12,2021,123894.8
18,Indiana,IN,40.273502,-86.126976,6.5,2.5,5,4,Jan,1,2021,50000
18,Indiana,IN,40.273502,-86.126976,6.5,2.5,5,4,Jan,1,2022,35870
18,Indiana,IN,40.273502,-86.126976,6.5,2.5,5,4,Feb,2,2021,28573
18,Indiana,IN,40.273502,-86.126976,6.5,2.5,5,4,Feb,2,2022,36749
18,Indiana,IN,40.273502,-86.126976,6.5,2.5,5,4,Mar,3,2021,28573
18,Indiana,IN,40.273502,-86.126976,6.5,2.5,5,4,Mar,3,2022,36749
18,Indiana,IN,40.273502,-86.126976,6.5,2.5,5,4,Apr,4,2021,33108
18,Indiana,IN,40.273502,-86.126976,6.5,2.5,5,4,Apr,4,2022,15534
18,Indiana,IN,40.273502,-86.126976,6.5,2.5,5,4,May,5,2021,21400
18,Indiana,IN,40.273502,-86.126976,6.5,2.5,5,4,May,5,2022,275197
18,Indiana,IN,40.273502,-86.126976,6.5,2.5,5,4,Jun,6,2021,44091
18,Indiana,IN,40.273502,-86.126976,6.5,2.5,5,4,Jul,7,2021,44091
18,Indiana,IN,40.273502,-86.126976,6.5,2.5,5,4,Aug,8,2021,44091
18,Indiana,IN,40.273502,-86.126976,6.5,2.5,5,4,Sep,9,2021,23811
18,Indiana,IN,40.273502,-86.126976,6.5,2.5,5,4,Oct,10,2021,922424.5
18,Indiana,IN,40.273502,-86.126976,6.5,2.5,5,4,Nov,11,2021,364191
18,Indiana,IN,40.273502,-86.126976,6.5,2.5,5,4,Dec,12,2021,205415
19,Iowa,IA,42.032974,-93.581543,4.5,2.5,4,4,Jan,1,2021,50000
19,Iowa,IA,42.032974,-93.581543,4.5,2.5,4,4,Jan,1,2022,47642
19,Iowa,IA,42.032974,-93.581543,4.5,2.5,4,4,Feb,2,2021,40000
19,Iowa,IA,42.032974,-93.581543,4.5,2.5,4,4,Feb,2,2022,30632
19,Iowa,IA,42.032974,-93.581543,4.5,2.5,4,4,Mar,3,2021,44000
19,Iowa,IA,42.032974,-93.581543,4.5,2.5,4,4,Mar,3,2022,33632
19,Iowa,IA,42.032974,-93.581543,4.5,2.5,4,4,Apr,4,2021,22000
19,Iowa,IA,42.032974,-93.581543,4.5,2.5,4,4,Apr,4,2022,33632
19,Iowa,IA,42.032974,-93.581543,4.5,2.5,4,4,May,5,2021,35000
19,Iowa,IA,42.032974,-93.581543,4.5,2.5,4,4,May,5,2022,43632
19,Iowa,IA,42.032974,-93.581543,4.5,2.5,4,4,Jun,6,2021,54860
19,Iowa,IA,42.032974,-93.581543,4.5,2.5,4,4,Jul,7,2021,64860
19,Iowa,IA,42.032974,-93.581543,4.5,2.5,4,4,Aug,8,2021,52400
19,Iowa,IA,42.032974,-93.581543,4.5,2.5,4,4,Sep,9,2021,78839
19,Iowa,IA,42.032974,-93.581543,4.5,2.5,4,4,Oct,10,2021,54860
19,Iowa,IA,42.032974,-93.581543,4.5,2.5,4,4,Nov,11,2021,94860
19,Iowa,IA,42.032974,-93.581543,4.5,2.5,4,4,Dec,12,2021,91584
20,Kansas,KS,38.5,-98,4.5,1.5,3,2,Jan,1,2021,50000
20,Kansas,KS,38.5,-98,4.5,1.5,3,2,Jan,1,2022,27990
20,Kansas,KS,38.5,-98,4.5,1.5,3,2,Feb,2,2021,44000
20,Kansas,KS,38.5,-98,4.5,1.5,3,2,Feb,2,2022,33990
20,Kansas,KS,38.5,-98,4.5,1.5,3,2,Mar,3,2021,35000
20,Kansas,KS,38.5,-98,4.5,1.5,3,2,Mar,3,2022,38990
20,Kansas,KS,38.5,-98,4.5,1.5,3,2,Apr,4,2021,31000
20,Kansas,KS,38.5,-98,4.5,1.5,3,2,Apr,4,2022,25990
20,Kansas,KS,38.5,-98,4.5,1.5,3,2,May,5,2021,50000
20,Kansas,KS,38.5,-98,4.5,1.5,3,2,May,5,2022,27990
20,Kansas,KS,38.5,-98,4.5,1.5,3,2,Jun,6,2021,18900
20,Kansas,KS,38.5,-98,4.5,1.5,3,2,Jul,7,2021,18900
20,Kansas,KS,38.5,-98,4.5,1.5,3,2,Aug,8,2021,18900
20,Kansas,KS,38.5,-98,4.5,1.5,3,2,Sep,9,2021,33269
20,Kansas,KS,38.5,-98,4.5,1.5,3,2,Oct,10,2021,18900
20,Kansas,KS,38.5,-98,4.5,1.5,3,2,Nov,11,2021,18695
20,Kansas,KS,38.5,-98,4.5,1.5,3,2,Dec,12,2021,15252
21,Kentucky,KY,37.839333,-84.27002,6,2,5,3,Jan,1,2021,119028
21,Kentucky,KY,37.839333,-84.27002,6,2,5,3,Jan,1,2022,100000
21,Kentucky,KY,37.839333,-84.27002,6,2,5,3,Feb,2,2021,119028
21,Kentucky,KY,37.839333,-84.27002,6,2,5,3,Feb,2,2022,100000
21,Kentucky,KY,37.839333,-84.27002,6,2,5,3,Mar,3,2021,50000
21,Kentucky,KY,37.839333,-84.27002,6,2,5,3,Mar,3,2022,80573
21,Kentucky,KY,37.839333,-84.27002,6,2,5,3,Apr,4,2021,119028
21,Kentucky,KY,37.839333,-84.27002,6,2,5,3,Apr,4,2022,100000
21,Kentucky,KY,37.839333,-84.27002,6,2,5,3,May,5,2021,79140
21,Kentucky,KY,37.839333,-84.27002,6,2,5,3,May,5,2022,83251
21,Kentucky,KY,37.839333,-84.27002,6,2,5,3,Jun,6,2021,50000
21,Kentucky,KY,37.839333,-84.27002,6,2,5,3,Jul,7,2021,14081
21,Kentucky,KY,37.839333,-84.27002,6,2,5,3,Aug,8,2021,50000
21,Kentucky,KY,37.839333,-84.27002,6,2,5,3,Sep,9,2021,30502
21,Kentucky,KY,37.839333,-84.27002,6,2,5,3,Oct,10,2021,50000
21,Kentucky,KY,37.839333,-84.27002,6,2,5,3,Nov,11,2021,190841
21,Kentucky,KY,37.839333,-84.27002,6,2,5,3,Dec,12,2021,147923
22,Louisiana,LA,30.39183,-92.329102,5,1,4,1,Jan,1,2021,50000
22,Louisiana,LA,30.39183,-92.329102,5,1,4,1,Jan,1,2022,29160
22,Louisiana,LA,30.39183,-92.329102,5,1,4,1,Feb,2,2021,50000
22,Louisiana,LA,30.39183,-92.329102,5,1,4,1,Feb,2,2022,29160
22,Louisiana,LA,30.39183,-92.329102,5,1,4,1,Mar,3,2021,12960
22,Louisiana,LA,30.39183,-92.329102,5,1,4,1,Mar,3,2022,60000
22,Louisiana,LA,30.39183,-92.329102,5,1,4,1,Apr,4,2021,50000
22,Louisiana,LA,30.39183,-92.329102,5,1,4,1,Apr,4,2022,29160
22,Louisiana,LA,30.39183,-92.329102,5,1,4,1,May,5,2021,50000
22,Louisiana,LA,30.39183,-92.329102,5,1,4,1,May,5,2022,25386
22,Louisiana,LA,30.39183,-92.329102,5,1,4,1,Jun,6,2021,73200
22,Louisiana,LA,30.39183,-92.329102,5,1,4,1,Jul,7,2021,73200
22,Louisiana,LA,30.39183,-92.329102,5,1,4,1,Aug,8,2021,89320
22,Louisiana,LA,30.39183,-92.329102,5,1,4,1,Sep,9,2021,73200
22,Louisiana,LA,30.39183,-92.329102,5,1,4,1,Oct,10,2021,73200
22,Louisiana,LA,30.39183,-92.329102,5,1,4,1,Nov,11,2021,73200
22,Louisiana,LA,30.39183,-92.329102,5,1,4,1,Dec,12,2021,87280
23,Maine,ME,45.367584,-68.972168,11,4,10,7,Jan,1,2021,54733
23,Maine,ME,45.367584,-68.972168,11,4,10,7,Jan,1,2022,29160
23,Maine,ME,45.367584,-68.972168,11,4,10,7,Feb,2,2021,54733
23,Maine,ME,45.367584,-68.972168,11,4,10,7,Feb,2,2022,29160
23,Maine,ME,45.367584,-68.972168,11,4,10,7,Mar,3,2021,54733
23,Maine,ME,45.367584,-68.972168,11,4,10,7,Mar,3,2022,100000
23,Maine,ME,45.367584,-68.972168,11,4,10,7,Apr,4,2021,54733
23,Maine,ME,45.367584,-68.972168,11,4,10,7,Apr,4,2022,29160
23,Maine,ME,45.367584,-68.972168,11,4,10,7,May,5,2021,54733
23,Maine,ME,45.367584,-68.972168,11,4,10,7,May,5,2022,25386
23,Maine,ME,45.367584,-68.972168,11,4,10,7,Jun,6,2021,54733
23,Maine,ME,45.367584,-68.972168,11,4,10,7,Jul,7,2021,14081
23,Maine,ME,45.367584,-68.972168,11,4,10,7,Aug,8,2021,50000
23,Maine,ME,45.367584,-68.972168,11,4,10,7,Sep,9,2021,30502
23,Maine,ME,45.367584,-68.972168,11,4,10,7,Oct,10,2021,50000
23,Maine,ME,45.367584,-68.972168,11,4,10,7,Nov,11,2021,190841
23,Maine,ME,45.367584,-68.972168,11,4,10,7,Dec,12,2021,147923
24,Maryland,MD,39.045753,-76.641273,8,2,8,3,Jan,1,2021,40592
24,Maryland,MD,39.045753,-76.641273,8,2,8,3,Jan,1,2022,100000
24,Maryland,MD,39.045753,-76.641273,8,2,8,3,Feb,2,2021,66422.1
24,Maryland,MD,39.045753,-76.641273,8,2,8,3,Feb,2,2022,58850
24,Maryland,MD,39.045753,-76.641273,8,2,8,3,Mar,3,2021,207335
24,Maryland,MD,39.045753,-76.641273,8,2,8,3,Mar,3,2022,22338
24,Maryland,MD,39.045753,-76.641273,8,2,8,3,Apr,4,2021,25060
24,Maryland,MD,39.045753,-76.641273,8,2,8,3,Apr,4,2022,90882
24,Maryland,MD,39.045753,-76.641273,8,2,8,3,May,5,2021,50000
24,Maryland,MD,39.045753,-76.641273,8,2,8,3,May,5,2022,63418
24,Maryland,MD,39.045753,-76.641273,8,2,8,3,Jun,6,2021,12234
24,Maryland,MD,39.045753,-76.641273,8,2,8,3,Jul,7,2021,12234
24,Maryland,MD,39.045753,-76.641273,8,2,8,3,Aug,8,2021,12234
24,Maryland,MD,39.045753,-76.641273,8,2,8,3,Sep,9,2021,43094
24,Maryland,MD,39.045753,-76.641273,8,2,8,3,Oct,10,2021,33753.2
24,Maryland,MD,39.045753,-76.641273,8,2,8,3,Nov,11,2021,29773
24,Maryland,MD,39.045753,-76.641273,8,2,8,3,Dec,12,2021,35247
25,Massachusetts,MA,42.407211,-71.382439,10,3,9,5,Jan,1,2021,50000
25,Massachusetts,MA,42.407211,-71.382439,10,3,9,5,Jan,1,2022,12700
25,Massachusetts,MA,42.407211,-71.382439,10,3,9,5,Feb,2,2021,50000
25,Massachusetts,MA,42.407211,-71.382439,10,3,9,5,Feb,2,2022,12700
25,Massachusetts,MA,42.407211,-71.382439,10,3,9,5,Mar,3,2021,47553
25,Massachusetts,MA,42.407211,-71.382439,10,3,9,5,Mar,3,2022,16053
25,Massachusetts,MA,42.407211,-71.382439,10,3,9,5,Apr,4,2021,50000
25,Massachusetts,MA,42.407211,-71.382439,10,3,9,5,Apr,4,2022,12700
25,Massachusetts,MA,42.407211,-71.382439,10,3,9,5,May,5,2021,50000
25,Massachusetts,MA,42.407211,-71.382439,10,3,9,5,May,5,2022,87600
25,Massachusetts,MA,42.407211,-71.382439,10,3,9,5,Jun,6,2021,81982
25,Massachusetts,MA,42.407211,-71.382439,10,3,9,5,Jul,7,2021,81982
25,Massachusetts,MA,42.407211,-71.382439,10,3,9,5,Aug,8,2021,54977.5
25,Massachusetts,MA,42.407211,-71.382439,10,3,9,5,Sep,9,2021,39534
25,Massachusetts,MA,42.407211,-71.382439,10,3,9,5,Oct,10,2021,81982
25,Massachusetts,MA,42.407211,-71.382439,10,3,9,5,Nov,11,2021,81982
25,Massachusetts,MA,42.407211,-71.382439,10,3,9,5,Dec,12,2021,172479.9
26,Michigan,MI,44.182205,-84.506836,7,3,6,5,Jan,1,2021,50000
26,Michigan,MI,44.182205,-84.506836,7,3,6,5,Jan,1,2022,631349.5
26,Michigan,MI,44.182205,-84.506836,7,3,6,5,Feb,2,2021,22104.4
26,Michigan,MI,44.182205,-84.506836,7,3,6,5,Feb,2,2022,123772
26,Michigan,MI,44.182205,-84.506836,7,3,6,5,Mar,3,2021,22104.4
26,Michigan,MI,44.182205,-84.506836,7,3,6,5,Mar,3,2022,123772
26,Michigan,MI,44.182205,-84.506836,7,3,6,5,Apr,4,2021,52318
26,Michigan,MI,44.182205,-84.506836,7,3,6,5,Apr,4,2022,124252
26,Michigan,MI,44.182205,-84.506836,7,3,6,5,May,5,2021,396357
26,Michigan,MI,44.182205,-84.506836,7,3,6,5,May,5,2022,209081.4
26,Michigan,MI,44.182205,-84.506836,7,3,6,5,Jun,6,2021,92594
26,Michigan,MI,44.182205,-84.506836,7,3,6,5,Jul,7,2021,257879
26,Michigan,MI,44.182205,-84.506836,7,3,6,5,Aug,8,2021,117276
26,Michigan,MI,44.182205,-84.506836,7,3,6,5,Sep,9,2021,139772
26,Michigan,MI,44.182205,-84.506836,7,3,6,5,Oct,10,2021,44862
26,Michigan,MI,44.182205,-84.506836,7,3,6,5,Nov,11,2021,345653.2
26,Michigan,MI,44.182205,-84.506836,7,3,6,5,Dec,12,2021,873187.9
27,Minnesota,MN,46.39241,-94.63623,4,3,4,5,Jan,1,2021,50000
27,Minnesota,MN,46.39241,-94.63623,4,3,4,5,Jan,1,2022,60640
27,Minnesota,MN,46.39241,-94.63623,4,3,4,5,Feb,2,2021,50000
27,Minnesota,MN,46.39241,-94.63623,4,3,4,5,Feb,2,2022,70640
27,Minnesota,MN,46.39241,-94.63623,4,3,4,5,Mar,3,2021,63440
27,Minnesota,MN,46.39241,-94.63623,4,3,4,5,Mar,3,2022,57571
27,Minnesota,MN,46.39241,-94.63623,4,3,4,5,Apr,4,2021,50000
27,Minnesota,MN,46.39241,-94.63623,4,3,4,5,Apr,4,2022,50640
27,Minnesota,MN,46.39241,-94.63623,4,3,4,5,May,5,2021,50000
27,Minnesota,MN,46.39241,-94.63623,4,3,4,5,May,5,2022,60640
27,Minnesota,MN,46.39241,-94.63623,4,3,4,5,Jun,6,2021,69294
27,Minnesota,MN,46.39241,-94.63623,4,3,4,5,Jul,7,2021,69294
27,Minnesota,MN,46.39241,-94.63623,4,3,4,5,Aug,8,2021,69294
27,Minnesota,MN,46.39241,-94.63623,4,3,4,5,Sep,9,2021,61329
27,Minnesota,MN,46.39241,-94.63623,4,3,4,5,Oct,10,2021,69294
27,Minnesota,MN,46.39241,-94.63623,4,3,4,5,Nov,11,2021,69294
27,Minnesota,MN,46.39241,-94.63623,4,3,4,5,Dec,12,2021,15771
28,Mississippi,MS,33,-90,6,1,5,1,Jan,1,2021,31360
28,Mississippi,MS,33,-90,6,1,5,1,Jan,1,2022,100000
28,Mississippi,MS,33,-90,6,1,5,1,Feb,2,2021,26418
28,Mississippi,MS,33,-90,6,1,5,1,Feb,2,2022,100000
28,Mississippi,MS,33,-90,6,1,5,1,Mar,3,2021,45189
28,Mississippi,MS,33,-90,6,1,5,1,Mar,3,2022,83925
28,Mississippi,MS,33,-90,6,1,5,1,Apr,4,2021,45189
28,Mississippi,MS,33,-90,6,1,5,1,Apr,4,2022,83925
28,Mississippi,MS,33,-90,6,1,5,1,May,5,2021,79802
28,Mississippi,MS,33,-90,6,1,5,1,May,5,2022,48690
28,Mississippi,MS,33,-90,6,1,5,1,Jun,6,2021,45189
28,Mississippi,MS,33,-90,6,1,5,1,Jun,6,2022,83925
28,Mississippi,MS,33,-90,6,1,5,1,Jul,7,2021,361397
28,Mississippi,MS,33,-90,6,1,5,1,Aug,8,2021,23340
28,Mississippi,MS,33,-90,6,1,5,1,Sep,9,2021,23340
28,Mississippi,MS,33,-90,6,1,5,1,Oct,10,2021,23340
28,Mississippi,MS,33,-90,6,1,5,1,Nov,11,2021,23340
28,Mississippi,MS,33,-90,6,1,5,1,Dec,12,2021,23402
29,Missouri,MO,38.573936,-92.60376,5,2,4,3,Jan,1,2021,50000
29,Missouri,MO,38.573936,-92.60376,5,2,4,3,Jan,1,2022,461933
29,Missouri,MO,38.573936,-92.60376,5,2,4,3,Feb,2,2021,69716
29,Missouri,MO,38.573936,-92.60376,5,2,4,3,Feb,2,2022,100000
29,Missouri,MO,38.573936,-92.60376,5,2,4,3,Mar,3,2021,69716
29,Missouri,MO,38.573936,-92.60376,5,2,4,3,Mar,3,2022,100000
29,Missouri,MO,38.573936,-92.60376,5,2,4,3,Apr,4,2021,86620
29,Missouri,MO,38.573936,-92.60376,5,2,4,3,Apr,4,2022,13136
29,Missouri,MO,38.573936,-92.60376,5,2,4,3,May,5,2021,54480
29,Missouri,MO,38.573936,-92.60376,5,2,4,3,May,5,2022,86500
29,Missouri,MO,38.573936,-92.60376,5,2,4,3,Jun,6,2021,58952
29,Missouri,MO,38.573936,-92.60376,5,2,4,3,Jul,7,2021,58952
29,Missouri,MO,38.573936,-92.60376,5,2,4,3,Aug,8,2021,58952
29,Missouri,MO,38.573936,-92.60376,5,2,4,3,Sep,9,2021,29651
29,Missouri,MO,38.573936,-92.60376,5,2,4,3,Oct,10,2021,237756
29,Missouri,MO,38.573936,-92.60376,5,2,4,3,Nov,11,2021,58952
29,Missouri,MO,38.573936,-92.60376,5,2,4,3,Dec,12,2021,11926
30,Montana,MT,38.573936,-92.60376,2,3,2,5,Jan,1,2021,50000
30,Montana,MT,38.573936,-92.60376,2,3,2,5,Jan,1,2022,261933
30,Montana,MT,46.96526,-109.533691,2,3,2,5,Feb,2,2021,69716
30,Montana,MT,46.96526,-109.533691,2,3,2,5,Feb,2,2022,100000
30,Montana,MT,46.96526,-109.533691,2,3,2,5,Mar,3,2021,69716
30,Montana,MT,46.96526,-109.533691,2,3,2,5,Mar,3,2022,100000
30,Montana,MT,46.96526,-109.533691,2,3,2,5,Apr,4,2021,86620
30,Montana,MT,46.96526,-109.533691,2,3,2,5,Apr,4,2022,13136
30,Montana,MT,46.96526,-109.533691,2,3,2,5,May,5,2021,54480
30,Montana,MT,46.96526,-109.533691,2,3,2,5,May,5,2022,86500
30,Montana,MT,46.96526,-109.533691,2,3,2,5,Jun,6,2021,58952
30,Montana,MT,46.96526,-109.533691,2,3,2,5,Jul,7,2021,58952
30,Montana,MT,46.96526,-109.533691,2,3,2,5,Aug,8,2021,58952
30,Montana,MT,46.96526,-109.533691,2,3,2,5,Sep,9,2021,29651
30,Montana,MT,46.96526,-109.533691,2,3,2,5,Oct,10,2021,237756
30,Montana,MT,46.96526,-109.533691,2,3,2,5,Nov,11,2021,58952
30,Montana,MT,46.96526,-109.533691,2,3,2,5,Dec,12,2021,11926
31,Nebraska,NE,41.5,-100,4,2,3,3,Jan,1,2021,29050
31,Nebraska,NE,41.5,-100,4,2,3,3,Jan,1,2022,55000
31,Nebraska,NE,41.5,-100,4,2,3,3,Feb,2,2021,29050
31,Nebraska,NE,41.5,-100,4,2,3,3,Feb,2,2022,40000
31,Nebraska,NE,41.5,-100,4,2,3,3,Mar,3,2021,29050
31,Nebraska,NE,41.5,-100,4,2,3,3,Mar,3,2022,30000
31,Nebraska,NE,41.5,-100,4,2,3,3,Apr,4,2021,29050
31,Nebraska,NE,41.5,-100,4,2,3,3,Apr,4,2022,25000
31,Nebraska,NE,41.5,-100,4,2,3,3,May,5,2021,29050
31,Nebraska,NE,41.5,-100,4,2,3,3,May,5,2022,30000
31,Nebraska,NE,41.5,-100,4,2,3,3,Jun,6,2021,29050
31,Nebraska,NE,41.5,-100,4,2,3,3,Jul,7,2021,50000
31,Nebraska,NE,41.5,-100,4,2,3,3,Aug,8,2021,50000
31,Nebraska,NE,41.5,-100,4,2,3,3,Sep,9,2021,29050
31,Nebraska,NE,41.5,-100,4,2,3,3,Oct,10,2021,29050
31,Nebraska,NE,41.5,-100,4,2,3,3,Nov,11,2021,237473
31,Nebraska,NE,41.5,-100,4,2,3,3,Dec,12,2021,29050
32,Nevada,NV,39.876019,-117.224121,2,2,1,4,Jan,1,2021,58580
32,Nevada,NV,39.876019,-117.224121,2,2,1,4,Jan,1,2022,100000
32,Nevada,NV,39.876019,-117.224121,2,2,1,4,Feb,2,2021,58580
32,Nevada,NV,39.876019,-117.224121,2,2,1,4,Feb,2,2022,100000
32,Nevada,NV,39.876019,-117.224121,2,2,1,4,Mar,3,2021,58580
32,Nevada,NV,39.876019,-117.224121,2,2,1,4,Mar,3,2022,100000
32,Nevada,NV,39.876019,-117.224121,2,2,1,4,Apr,4,2021,50000
32,Nevada,NV,39.876019,-117.224121,2,2,1,4,Apr,4,2022,19645
32,Nevada,NV,39.876019,-117.224121,2,2,1,4,May,5,2021,408800.8
32,Nevada,NV,39.876019,-117.224121,2,2,1,4,May,5,2022,119631.6
32,Nevada,NV,39.876019,-117.224121,2,2,1,4,Jun,6,2021,50000
32,Nevada,NV,39.876019,-117.224121,2,2,1,4,Jul,7,2021,86200
32,Nevada,NV,39.876019,-117.224121,2,2,1,4,Aug,8,2021,86200
32,Nevada,NV,39.876019,-117.224121,2,2,1,4,Sep,9,2021,86200
32,Nevada,NV,39.876019,-117.224121,2,2,1,4,Oct,10,2021,468507.6
32,Nevada,NV,39.876019,-117.224121,2,2,1,4,Nov,11,2021,86200
32,Nevada,NV,39.876019,-117.224121,2,2,1,4,Dec,12,2021,16340.8
33,New Hampshire,NH,44,-71.5,10.5,3.5,10,6,Jan,1,2021,72455
33,New Hampshire,NH,44,-71.5,10.5,3.5,10,6,Jan,1,2022,68000
33,New Hampshire,NH,44,-71.5,10.5,3.5,10,6,Feb,2,2021,15998
33,New Hampshire,NH,44,-71.5,10.5,3.5,10,6,Feb,2,2022,48000
33,New Hampshire,NH,44,-71.5,10.5,3.5,10,6,Mar,3,2021,15998
33,New Hampshire,NH,44,-71.5,10.5,3.5,10,6,Mar,3,2022,61000
33,New Hampshire,NH,44,-71.5,10.5,3.5,10,6,Apr,4,2021,15998
33,New Hampshire,NH,44,-71.5,10.5,3.5,10,6,Apr,4,2022,63000
33,New Hampshire,NH,44,-71.5,10.5,3.5,10,6,May,5,2021,50000
33,New Hampshire,NH,44,-71.5,10.5,3.5,10,6,May,5,2022,54744
33,New Hampshire,NH,44,-71.5,10.5,3.5,10,6,Jun,6,2021,15998
33,New Hampshire,NH,44,-71.5,10.5,3.5,10,6,Jul,7,2021,15998
33,New Hampshire,NH,44,-71.5,10.5,3.5,10,6,Aug,8,2021,27930
33,New Hampshire,NH,44,-71.5,10.5,3.5,10,6,Sep,9,2021,15998
33,New Hampshire,NH,44,-71.5,10.5,3.5,10,6,Oct,10,2021,15998
33,New Hampshire,NH,44,-71.5,10.5,3.5,10,6,Nov,11,2021,15998
33,New Hampshire,NH,44,-71.5,10.5,3.5,10,6,Dec,12,2021,21120
34,New Jersey,NJ,39.833851,-74.871826,9.5,2.5,8,4,Jan,1,2021,37010
34,New Jersey,NJ,39.833851,-74.871826,9.5,2.5,8,4,Jan,1,2022,100000
34,New Jersey,NJ,39.833851,-74.871826,9.5,2.5,8,4,Feb,2,2021,22796
34,New Jersey,NJ,39.833851,-74.871826,9.5,2.5,8,4,Feb,2,2022,17821
34,New Jersey,NJ,39.833851,-74.871826,9.5,2.5,8,4,Mar,3,2021,24400.6
34,New Jersey,NJ,39.833851,-74.871826,9.5,2.5,8,4,Mar,3,2022,44700
34,New Jersey,NJ,39.833851,-74.871826,9.5,2.5,8,4,Apr,4,2021,917313
34,New Jersey,NJ,39.833851,-74.871826,9.5,2.5,8,4,Apr,4,2022,272764
34,New Jersey,NJ,39.833851,-74.871826,9.5,2.5,8,4,May,5,2021,156208.6
34,New Jersey,NJ,39.833851,-74.871826,9.5,2.5,8,4,May,5,2022,28334
34,New Jersey,NJ,39.833851,-74.871826,9.5,2.5,8,4,Jun,6,2021,47586
34,New Jersey,NJ,39.833851,-74.871826,9.5,2.5,8,4,Jul,7,2021,81512
34,New Jersey,NJ,39.833851,-74.871826,9.5,2.5,8,4,Aug,8,2021,53370
34,New Jersey,NJ,39.833851,-74.871826,9.5,2.5,8,4,Sep,9,2021,53370
34,New Jersey,NJ,39.833851,-74.871826,9.5,2.5,8,4,Oct,10,2021,175304
34,New Jersey,NJ,39.833851,-74.871826,9.5,2.5,8,4,Nov,11,2021,127531
34,New Jersey,NJ,39.833851,-74.871826,9.5,2.5,8,4,Dec,12,2021,203341
35,New Mexico,NM,34.307144,-106.018066,3,1,2,2,Jan,1,2021,106599.4
35,New Mexico,NM,34.307144,-106.018066,3,1,2,2,Jan,1,2022,78008.6
35,New Mexico,NM,34.307144,-106.018066,3,1,2,2,Feb,2,2021,201188.8
35,New Mexico,NM,34.307144,-106.018066,3,1,2,2,Feb,2,2022,99008.6
35,New Mexico,NM,34.307144,-106.018066,3,1,2,2,Mar,3,2021,790933.6
35,New Mexico,NM,34.307144,-106.018066,3,1,2,2,Mar,3,2022,450008.6
35,New Mexico,NM,34.307144,-106.018066,3,1,2,2,Apr,4,2021,510718.8
35,New Mexico,NM,34.307144,-106.018066,3,1,2,2,Apr,4,2022,610008.6
35,New Mexico,NM,34.307144,-106.018066,3,1,2,2,May,5,2021,698404.4
35,New Mexico,NM,34.307144,-106.018066,3,1,2,2,May,5,2022,620008.6
35,New Mexico,NM,34.307144,-106.018066,3,1,2,2,Jun,6,2021,605788
35,New Mexico,NM,34.307144,-106.018066,3,1,2,2,Jul,7,2021,251398.4
35,New Mexico,NM,34.307144,-106.018066,3,1,2,2,Aug,8,2021,501550.6
35,New Mexico,NM,34.307144,-106.018066,3,1,2,2,Sep,9,2021,670282.4
35,New Mexico,NM,34.307144,-106.018066,3,1,2,2,Oct,10,2021,446110.6
35,New Mexico,NM,34.307144,-106.018066,3,1,2,2,Nov,11,2021,669028
35,New Mexico,NM,34.307144,-106.018066,3,1,2,2,Dec,12,2021,932407.2
36,New York,NY,43,-75,9,3,8,5,Jan,1,2021,106599.4
36,New York,NY,43,-75,9,3,8,5,Jan,1,2022,80091.6
36,New York,NY,43,-75,9,3,8,5,Feb,2,2021,201188.8
36,New York,NY,43,-75,9,3,8,5,Feb,2,2022,62373.4
36,New York,NY,43,-75,9,3,8,5,Mar,3,2021,790933.6
36,New York,NY,43,-75,9,3,8,5,Mar,3,2022,391502.2
36,New York,NY,43,-75,9,3,8,5,Apr,4,2021,510718.8
36,New York,NY,43,-75,9,3,8,5,Apr,4,2022,184399.8
36,New York,NY,43,-75,9,3,8,5,May,5,2021,698404.4
36,New York,NY,43,-75,9,3,8,5,May,5,2022,292331.8
36,New York,NY,43,-75,9,3,8,5,Jun,6,2021,605788
36,New York,NY,43,-75,9,3,8,5,Jul,7,2021,251398.4
36,New York,NY,43,-75,9,3,8,5,Aug,8,2021,501550.6
36,New York,NY,43,-75,9,3,8,5,Sep,9,2021,670282.4
36,New York,NY,43,-75,9,3,8,5,Oct,10,2021,446110.6
36,New York,NY,43,-75,9,3,8,5,Nov,11,2021,669028
36,New York,NY,43,-75,9,3,8,5,Dec,12,2021,932407.2
37,North Carolina,NC,35.782169,-80.793457,8.5,1.5,6,2,Jan,1,2021,208281.2
37,North Carolina,NC,35.782169,-80.793457,8.5,1.5,6,2,Jan,1,2022,115387
37,North Carolina,NC,35.782169,-80.793457,8.5,1.5,6,2,Feb,2,2021,112797.6
37,North Carolina,NC,35.782169,-80.793457,8.5,1.5,6,2,Feb,2,2022,42870.4
37,North Carolina,NC,35.782169,-80.793457,8.5,1.5,6,2,Mar,3,2021,18761.6
37,North Carolina,NC,35.782169,-80.793457,8.5,1.5,6,2,Mar,3,2022,61876
37,North Carolina,NC,35.782169,-80.793457,8.5,1.5,6,2,Apr,4,2021,117852.4
37,North Carolina,NC,35.782169,-80.793457,8.5,1.5,6,2,Apr,4,2022,26464.8
37,North Carolina,NC,35.782169,-80.793457,8.5,1.5,6,2,May,5,2021,155429.8
37,North Carolina,NC,35.782169,-80.793457,8.5,1.5,6,2,May,5,2022,112931.3
37,North Carolina,NC,35.782169,-80.793457,8.5,1.5,6,2,Jun,6,2021,50000
37,North Carolina,NC,35.782169,-80.793457,8.5,1.5,6,2,Jul,7,2021,110234
37,North Carolina,NC,35.782169,-80.793457,8.5,1.5,6,2,Aug,8,2021,92920
37,North Carolina,NC,35.782169,-80.793457,8.5,1.5,6,2,Sep,9,2021,216874.9
37,North Carolina,NC,35.782169,-80.793457,8.5,1.5,6,2,Oct,10,2021,73528.7
37,North Carolina,NC,35.782169,-80.793457,8.5,1.5,6,2,Nov,11,2021,184375.6
37,North Carolina,NC,35.782169,-80.793457,8.5,1.5,6,2,Dec,12,2021,205673.8
38,North Dakota,ND,47.650589,-100.437012,3,3,3,5,Jan,1,2021,50000
38,North Dakota,ND,47.650589,-100.437012,3,3,3,5,Jan,1,2022,89153
38,North Dakota,ND,47.650589,-100.437012,3,3,3,5,Feb,2,2021,10000
38,North Dakota,ND,47.650589,-100.437012,3,3,3,5,Feb,2,2022,59153
38,North Dakota,ND,47.650589,-100.437012,3,3,3,5,Mar,3,2021,20000
38,North Dakota,ND,47.650589,-100.437012,3,3,3,5,Mar,3,2022,49153
38,North Dakota,ND,47.650589,-100.437012,3,3,3,5,Apr,4,2021,23000
38,North Dakota,ND,47.650589,-100.437012,3,3,3,5,Apr,4,2022,39153
38,North Dakota,ND,47.650589,-100.437012,3,3,3,5,May,5,2021,50000
38,North Dakota,ND,47.650589,-100.437012,3,3,3,5,May,5,2022,49153
38,North Dakota,ND,47.650589,-100.437012,3,3,3,5,Jun,6,2021,55000
38,North Dakota,ND,47.650589,-100.437012,3,3,3,5,Jul,7,2021,59000
38,North Dakota,ND,47.650589,-100.437012,3,3,3,5,Aug,8,2021,49000
38,North Dakota,ND,47.650589,-100.437012,3,3,3,5,Sep,9,2021,59000
38,North Dakota,ND,47.650589,-100.437012,3,3,3,5,Oct,10,2021,78000
38,North Dakota,ND,47.650589,-100.437012,3,3,3,5,Nov,11,2021,79000
38,North Dakota,ND,47.650589,-100.437012,3,3,3,5,Dec,12,2021,110000
39,Ohio,OH,40.367474,-82.996216,7.5,2.5,6,4,Jan,1,2021,33016.4
39,Ohio,OH,40.367474,-82.996216,7.5,2.5,6,4,Jan,1,2022,24287
39,Ohio,OH,40.367474,-82.996216,7.5,2.5,6,4,Feb,2,2021,18817.6
39,Ohio,OH,40.367474,-82.996216,7.5,2.5,6,4,Feb,2,2022,204693.2
39,Ohio,OH,40.367474,-82.996216,7.5,2.5,6,4,Mar,3,2021,80035.7
39,Ohio,OH,40.367474,-82.996216,7.5,2.5,6,4,Mar,3,2022,77900.9
39,Ohio,OH,40.367474,-82.996216,7.5,2.5,6,4,Apr,4,2021,100601.6
39,Ohio,OH,40.367474,-82.996216,7.5,2.5,6,4,Apr,4,2022,223136.6
39,Ohio,OH,40.367474,-82.996216,7.5,2.5,6,4,May,5,2021,332340.5
39,Ohio,OH,40.367474,-82.996216,7.5,2.5,6,4,May,5,2022,50533.1
39,Ohio,OH,40.367474,-82.996216,7.5,2.5,6,4,Jun,6,2021,54896
39,Ohio,OH,40.367474,-82.996216,7.5,2.5,6,4,Jul,7,2021,187977.6
39,Ohio,OH,40.367474,-82.996216,7.5,2.5,6,4,Aug,8,2021,105663.4
39,Ohio,OH,40.367474,-82.996216,7.5,2.5,6,4,Sep,9,2021,205079
39,Ohio,OH,40.367474,-82.996216,7.5,2.5,6,4,Oct,10,2021,92745.6
39,Ohio,OH,40.367474,-82.996216,7.5,2.5,6,4,Nov,11,2021,664283.9
39,Ohio,OH,40.367474,-82.996216,7.5,2.5,6,4,Dec,12,2021,199343.7
40,Oklahoma,OK,36.084621,-96.921387,4,1,3,1,Jan,1,2021,160473
40,Oklahoma,OK,36.084621,-96.921387,4,1,3,1,Jan,1,2022,100000
40,Oklahoma,OK,36.084621,-96.921387,4,1,3,1,Feb,2,2021,69930
40,Oklahoma,OK,36.084621,-96.921387,4,1,3,1,Feb,2,2022,19670
40,Oklahoma,OK,36.084621,-96.921387,4,1,3,1,Mar,3,2021,128745
40,Oklahoma,OK,36.084621,-96.921387,4,1,3,1,Mar,3,2022,213174
40,Oklahoma,OK,36.084621,-96.921387,4,1,3,1,Apr,4,2021,118745
40,Oklahoma,OK,36.084621,-96.921387,4,1,3,1,Apr,4,2022,190174
40,Oklahoma,OK,36.084621,-96.921387,4,1,3,1,May,5,2021,70000
40,Oklahoma,OK,36.084621,-96.921387,4,1,3,1,May,5,2022,120730
40,Oklahoma,OK,36.084621,-96.921387,4,1,3,1,Jun,6,2021,64590
40,Oklahoma,OK,36.084621,-96.921387,4,1,3,1,Jul,7,2021,41120
40,Oklahoma,OK,36.084621,-96.921387,4,1,3,1,Aug,8,2021,41120
40,Oklahoma,OK,36.084621,-96.921387,4,1,3,1,Sep,9,2021,12860
40,Oklahoma,OK,36.084621,-96.921387,4,1,3,1,Oct,10,2021,182338
40,Oklahoma,OK,36.084621,-96.921387,4,1,3,1,Nov,11,2021,267177
40,Oklahoma,OK,36.084621,-96.921387,4,1,3,1,Dec,12,2021,63880
41,Oregon,OR,44,-120.5,1,2,0,4,Jan,1,2021,57587.7
41,Oregon,OR,44,-120.5,1,2,0,4,Jan,1,2022,50000
41,Oregon,OR,44,-120.5,1,2,0,4,Feb,2,2021,33587.7
41,Oregon,OR,44,-120.5,1,2,0,4,Feb,2,2022,50000
41,Oregon,OR,44,-120.5,1,2,0,4,Mar,3,2021,53587.7
41,Oregon,OR,44,-120.5,1,2,0,4,Mar,3,2022,100000
41,Oregon,OR,44,-120.5,1,2,0,4,Apr,4,2021,53587.7
41,Oregon,OR,44,-120.5,1,2,0,4,Apr,4,2022,80000
41,Oregon,OR,44,-120.5,1,2,0,4,May,5,2021,50000
41,Oregon,OR,44,-120.5,1,2,0,4,May,5,2022,55044.8
41,Oregon,OR,44,-120.5,1,2,0,4,Jun,6,2021,50000
41,Oregon,OR,44,-120.5,1,2,0,4,Jul,7,2021,33580
41,Oregon,OR,44,-120.5,1,2,0,4,Aug,8,2021,26352
41,Oregon,OR,44,-120.5,1,2,0,4,Sep,9,2021,92427
41,Oregon,OR,44,-120.5,1,2,0,4,Oct,10,2021,186910.1
41,Oregon,OR,44,-120.5,1,2,0,4,Nov,11,2021,186910.1
41,Oregon,OR,44,-120.5,1,2,0,4,Dec,12,2021,175943.7
42,Pennsylvania,PA,41.203323,-77.194527,8.5,2.5,7,4,Jan,1,2021,10925.2
42,Pennsylvania,PA,41.203323,-77.194527,8.5,2.5,7,4,Jan,1,2022,360833.8
42,Pennsylvania,PA,41.203323,-77.194527,8.5,2.5,7,4,Feb,2,2021,57576
42,Pennsylvania,PA,41.203323,-77.194527,8.5,2.5,7,4,Feb,2,2022,144867.6
42,Pennsylvania,PA,41.203323,-77.194527,8.5,2.5,7,4,Mar,3,2021,363443.8
42,Pennsylvania,PA,41.203323,-77.194527,8.5,2.5,7,4,Mar,3,2022,116247.5
42,Pennsylvania,PA,41.203323,-77.194527,8.5,2.5,7,4,Apr,4,2021,116650.4
42,Pennsylvania,PA,41.203323,-77.194527,8.5,2.5,7,4,Apr,4,2022,197642.2
42,Pennsylvania,PA,41.203323,-77.194527,8.5,2.5,7,4,May,5,2021,950708.8
42,Pennsylvania,PA,41.203323,-77.194527,8.5,2.5,7,4,May,5,2022,113864
42,Pennsylvania,PA,41.203323,-77.194527,8.5,2.5,7,4,Jun,6,2021,228498.6
42,Pennsylvania,PA,41.203323,-77.194527,8.5,2.5,7,4,Jul,7,2021,318001.7
42,Pennsylvania,PA,41.203323,-77.194527,8.5,2.5,7,4,Aug,8,2021,261511.2
42,Pennsylvania,PA,41.203323,-77.194527,8.5,2.5,7,4,Sep,9,2021,341909.8
42,Pennsylvania,PA,41.203323,-77.194527,8.5,2.5,7,4,Oct,10,2021,84973.1
42,Pennsylvania,PA,41.203323,-77.194527,8.5,2.5,7,4,Nov,11,2021,383067
42,Pennsylvania,PA,41.203323,-77.194527,8.5,2.5,7,4,Dec,12,2021,241217.2
44,Rhode Island,RI,41.700001,-71.5,11,3,10,4,Jan,1,2021,50000
44,Rhode Island,RI,41.700001,-71.5,11,3,10,4,Jan,1,2022,33964
44,Rhode Island,RI,41.700001,-71.5,11,3,10,4,Feb,2,2021,40000
44,Rhode Island,RI,41.700001,-71.5,11,3,10,4,Feb,2,2022,43964
44,Rhode Island,RI,41.700001,-71.5,11,3,10,4,Mar,3,2021,60000
44,Rhode Island,RI,41.700001,-71.5,11,3,10,4,Mar,3,2022,33964
44,Rhode Island,RI,41.700001,-71.5,11,3,10,4,Apr,4,2021,50000
44,Rhode Island,RI,41.700001,-71.5,11,3,10,4,Apr,4,2022,53964
44,Rhode Island,RI,41.700001,-71.5,11,3,10,4,May,5,2021,11196
44,Rhode Island,RI,41.700001,-71.5,11,3,10,4,May,5,2022,44000
44,Rhode Island,RI,41.700001,-71.5,11,3,10,4,Jun,6,2021,24900
44,Rhode Island,RI,41.700001,-71.5,11,3,10,4,Jul,7,2021,22960
44,Rhode Island,RI,41.700001,-71.5,11,3,10,4,Aug,8,2021,32960
44,Rhode Island,RI,41.700001,-71.5,11,3,10,4,Sep,9,2021,61464
44,Rhode Island,RI,41.700001,-71.5,11,3,10,4,Oct,10,2021,74941
44,Rhode Island,RI,41.700001,-71.5,11,3,10,4,Nov,11,2021,112960
44,Rhode Island,RI,41.700001,-71.5,11,3,10,4,Dec,12,2021,178173
45,South Carolina,SC,33.836082,-81.163727,8,1,7,2,Jan,1,2021,50000
45,South Carolina,SC,33.836082,-81.163727,8,1,7,2,Jan,1,2022,12795
45,South Carolina,SC,33.836082,-81.163727,8,1,7,2,Feb,2,2021,50000
45,South Carolina,SC,33.836082,-81.163727,8,1,7,2,Feb,2,2022,30196
45,South Carolina,SC,33.836082,-81.163727,8,1,7,2,Mar,3,2021,19188
45,South Carolina,SC,33.836082,-81.163727,8,1,7,2,Mar,3,2022,30196
45,South Carolina,SC,33.836082,-81.163727,8,1,7,2,Apr,4,2021,50000
45,South Carolina,SC,33.836082,-81.163727,8,1,7,2,Apr,4,2022,12795
45,South Carolina,SC,33.836082,-81.163727,8,1,7,2,May,5,2021,50000
45,South Carolina,SC,33.836082,-81.163727,8,1,7,2,May,5,2022,30196
45,South Carolina,SC,33.836082,-81.163727,8,1,7,2,Jun,6,2021,19188
45,South Carolina,SC,33.836082,-81.163727,8,1,7,2,Jul,7,2021,28468
45,South Carolina,SC,33.836082,-81.163727,8,1,7,2,Aug,8,2021,25920
45,South Carolina,SC,33.836082,-81.163727,8,1,7,2,Sep,9,2021,25920
45,South Carolina,SC,33.836082,-81.163727,8,1,7,2,Oct,10,2021,25920
45,South Carolina,SC,33.836082,-81.163727,8,1,7,2,Nov,11,2021,25920
45,South Carolina,SC,33.836082,-81.163727,8,1,7,2,Dec,12,2021,25920
46,South Dakota,SD,33.836082,-81.163727,8,1,3,4,Jan,1,2021,50000
46,South Dakota,SD,33.836082,-81.163727,8,1,3,4,Jan,1,2022,12795
46,South Dakota,SD,33.836082,-81.163727,8,1,3,4,Feb,2,2021,50000
46,South Dakota,SD,33.836082,-81.163727,8,1,3,4,Feb,2,2022,30196
46,South Dakota,SD,33.836082,-81.163727,8,1,3,4,Mar,3,2021,19188
46,South Dakota,SD,33.836082,-81.163727,8,1,3,4,Mar,3,2022,30196
46,South Dakota,SD,33.836082,-81.163727,8,1,3,4,Apr,4,2021,50000
46,South Dakota,SD,33.836082,-81.163727,8,1,3,4,Apr,4,2022,12795
46,South Dakota,SD,33.836082,-81.163727,8,1,3,4,May,5,2021,50000
46,South Dakota,SD,33.836082,-81.163727,8,1,3,4,May,5,2022,30196
46,South Dakota,SD,33.836082,-81.163727,8,1,3,4,Jun,6,2021,49188
46,South Dakota,SD,33.836082,-81.163727,8,1,3,4,Jul,7,2021,38468
46,South Dakota,SD,33.836082,-81.163727,8,1,3,4,Aug,8,2021,65920
46,South Dakota,SD,33.836082,-81.163727,8,1,3,4,Sep,9,2021,71920
46,South Dakota,SD,33.836082,-81.163727,8,1,3,4,Oct,10,2021,90920
46,South Dakota,SD,33.836082,-81.163727,8,1,3,4,Nov,11,2021,95920
46,South Dakota,SD,33.836082,-81.163727,8,1,3,4,Dec,12,2021,125920
47,Tennessee,TN,35.860119,-86.660156,6.5,1.5,5,2,Jan,1,2021,50000
47,Tennessee,TN,35.860119,-86.660156,6.5,1.5,5,2,Jan,1,2022,17508.6
47,Tennessee,TN,35.860119,-86.660156,6.5,1.5,5,2,Feb,2,2021,14872
47,Tennessee,TN,35.860119,-86.660156,6.5,1.5,5,2,Feb,2,2022,100000
47,Tennessee,TN,35.860119,-86.660156,6.5,1.5,5,2,Mar,3,2021,109276.8
47,Tennessee,TN,35.860119,-86.660156,6.5,1.5,5,2,Mar,3,2022,23040
47,Tennessee,TN,35.860119,-86.660156,6.5,1.5,5,2,Apr,4,2021,23737.6
47,Tennessee,TN,35.860119,-86.660156,6.5,1.5,5,2,Apr,4,2022,63156.4
47,Tennessee,TN,35.860119,-86.660156,6.5,1.5,5,2,May,5,2021,46890.3
47,Tennessee,TN,35.860119,-86.660156,6.5,1.5,5,2,May,5,2022,38892.8
47,Tennessee,TN,35.860119,-86.660156,6.5,1.5,5,2,Jun,6,2021,91475
47,Tennessee,TN,35.860119,-86.660156,6.5,1.5,5,2,Jul,7,2021,31770
47,Tennessee,TN,35.860119,-86.660156,6.5,1.5,5,2,Aug,8,2021,31770
47,Tennessee,TN,35.860119,-86.660156,6.5,1.5,5,2,Sep,9,2021,53196.2
47,Tennessee,TN,35.860119,-86.660156,6.5,1.5,5,2,Oct,10,2021,35164.8
47,Tennessee,TN,35.860119,-86.660156,6.5,1.5,5,2,Nov,11,2021,31770
47,Tennessee,TN,35.860119,-86.660156,6.5,1.5,5,2,Dec,12,2021,17587.2
48,Texas,TX,31,-100,3.5,0.5,3,0,Jan,1,2021,44118.8
48,Texas,TX,31,-100,3.5,0.5,3,0,Jan,1,2022,321042.8
48,Texas,TX,31,-100,3.5,0.5,3,0,Feb,2,2021,33147.6
48,Texas,TX,31,-100,3.5,0.5,3,0,Feb,2,2022,139960.24
48,Texas,TX,31,-100,3.5,0.5,3,0,Mar,3,2021,801380.5
48,Texas,TX,31,-100,3.5,0.5,3,0,Mar,3,2022,795039.68
48,Texas,TX,31,-100,3.5,0.5,3,0,Apr,4,2021,452065.2
48,Texas,TX,31,-100,3.5,0.5,3,0,Apr,4,2022,62666.76
48,Texas,TX,31,-100,3.5,0.5,3,0,May,5,2021,238835.4
48,Texas,TX,31,-100,3.5,0.5,3,0,May,5,2022,343487.52
48,Texas,TX,31,-100,3.5,0.5,3,0,Jun,6,2021,98888.6
48,Texas,TX,31,-100,3.5,0.5,3,0,Jul,7,2021,338770.6
48,Texas,TX,31,-100,3.5,0.5,3,0,Aug,8,2021,484755.68
48,Texas,TX,31,-100,3.5,0.5,3,0,Sep,9,2021,665230.14
48,Texas,TX,31,-100,3.5,0.5,3,0,Oct,10,2021,98051.6
48,Texas,TX,31,-100,3.5,0.5,3,0,Nov,11,2021,548908.68
48,Texas,TX,31,-100,3.5,0.5,3,0,Dec,12,2021,364462.4
49,Utah,UT,39.41922,-111.950684,3.5,1.5,1,3,Jan,1,2021,16329
49,Utah,UT,39.41922,-111.950684,3.5,1.5,1,3,Jan,1,2022,43718
49,Utah,UT,39.41922,-111.950684,3.5,1.5,1,3,Feb,2,2021,21912
49,Utah,UT,39.41922,-111.950684,3.5,1.5,1,3,Feb,2,2022,30000
49,Utah,UT,39.41922,-111.950684,3.5,1.5,1,3,Mar,3,2021,21912
49,Utah,UT,39.41922,-111.950684,3.5,1.5,1,3,Mar,3,2022,55000
49,Utah,UT,39.41922,-111.950684,3.5,1.5,1,3,Apr,4,2021,17912
49,Utah,UT,39.41922,-111.950684,3.5,1.5,1,3,Apr,4,2022,33000
49,Utah,UT,39.41922,-111.950684,3.5,1.5,1,3,May,5,2021,21912
49,Utah,UT,39.41922,-111.950684,3.5,1.5,1,3,May,5,2022,34000
49,Utah,UT,39.41922,-111.950684,3.5,1.5,1,3,Jun,6,2021,21912
49,Utah,UT,39.41922,-111.950684,3.5,1.5,1,3,Jul,7,2021,41912
49,Utah,UT,39.41922,-111.950684,3.5,1.5,1,3,Aug,8,2021,51912
49,Utah,UT,39.41922,-111.950684,3.5,1.5,1,3,Sep,9,2021,55912
49,Utah,UT,39.41922,-111.950684,3.5,1.5,1,3,Oct,10,2021,81912
49,Utah,UT,39.41922,-111.950684,3.5,1.5,1,3,Nov,11,2021,71912
49,Utah,UT,39.41922,-111.950684,3.5,1.5,1,3,Dec,12,2021,77912
50,Vermont,VT,44,-72.699997,9.5,3.5,9,6,Jan,1,2021,167231
50,Vermont,VT,44,-72.699997,9.5,3.5,9,6,Jan,1,2022,63718
50,Vermont,VT,44,-72.699997,9.5,3.5,9,6,Feb,2,2021,129475
50,Vermont,VT,44,-72.699997,9.5,3.5,9,6,Feb,2,2022,100000
50,Vermont,VT,44,-72.699997,9.5,3.5,9,6,Mar,3,2021,109475
50,Vermont,VT,44,-72.699997,9.5,3.5,9,6,Mar,3,2022,90000
50,Vermont,VT,44,-72.699997,9.5,3.5,9,6,Apr,4,2021,99475
50,Vermont,VT,44,-72.699997,9.5,3.5,9,6,Apr,4,2022,105000
50,Vermont,VT,44,-72.699997,9.5,3.5,9,6,May,5,2021,129475
50,Vermont,VT,44,-72.699997,9.5,3.5,9,6,May,5,2022,100000
50,Vermont,VT,44,-72.699997,9.5,3.5,9,6,Jun,6,2021,89475
50,Vermont,VT,44,-72.699997,9.5,3.5,9,6,Jul,7,2021,79475
50,Vermont,VT,44,-72.699997,9.5,3.5,9,6,Aug,8,2021,89475
50,Vermont,VT,44,-72.699997,9.5,3.5,9,6,Sep,9,2021,80475
50,Vermont,VT,44,-72.699997,9.5,3.5,9,6,Oct,10,2021,109475
50,Vermont,VT,44,-72.699997,9.5,3.5,9,6,Nov,11,2021,119475
50,Vermont,VT,44,-72.699997,9.5,3.5,9,6,Dec,12,2021,129475
51,Virginia,VA,37.926868,-78.024902,7.5,1.5,7,3,Jan,1,2021,896932
51,Virginia,VA,37.926868,-78.024902,7.5,1.5,7,3,Jan,1,2022,35997
51,Virginia,VA,37.926868,-78.024902,7.5,1.5,7,3,Feb,2,2021,896932
51,Virginia,VA,37.926868,-78.024902,7.5,1.5,7,3,Feb,2,2022,35997
51,Virginia,VA,37.926868,-78.024902,7.5,1.5,7,3,Mar,3,2021,36560
51,Virginia,VA,37.926868,-78.024902,7.5,1.5,7,3,Mar,3,2022,93181
51,Virginia,VA,37.926868,-78.024902,7.5,1.5,7,3,Apr,4,2021,94127
51,Virginia,VA,37.926868,-78.024902,7.5,1.5,7,3,Apr,4,2022,24450
51,Virginia,VA,37.926868,-78.024902,7.5,1.5,7,3,May,5,2021,539771
51,Virginia,VA,37.926868,-78.024902,7.5,1.5,7,3,May,5,2022,70760
51,Virginia,VA,37.926868,-78.024902,7.5,1.5,7,3,Jun,6,2021,75880
51,Virginia,VA,37.926868,-78.024902,7.5,1.5,7,3,Jul,7,2021,18140
51,Virginia,VA,37.926868,-78.024902,7.5,1.5,7,3,Aug,8,2021,28473
51,Virginia,VA,37.926868,-78.024902,7.5,1.5,7,3,Sep,9,2021,444807
51,Virginia,VA,37.926868,-78.024902,7.5,1.5,7,3,Oct,10,2021,73476
51,Virginia,VA,37.926868,-78.024902,7.5,1.5,7,3,Nov,11,2021,139432
51,Virginia,VA,37.926868,-78.024902,7.5,1.5,7,3,Dec,12,2021,406125
53,Washington,WA,47.751076,-120.740135,1,3,0,5,Jan,1,2021,78135.8
53,Washington,WA,47.751076,-120.740135,1,3,0,5,Jan,1,2022,109042.2
53,Washington,WA,47.751076,-120.740135,1,3,0,5,Feb,2,2021,50000
53,Washington,WA,47.751076,-120.740135,1,3,0,5,Feb,2,2022,30761.2
53,Washington,WA,47.751076,-120.740135,1,3,0,5,Mar,3,2021,36467.2
53,Washington,WA,47.751076,-120.740135,1,3,0,5,Mar,3,2022,70016.1
53,Washington,WA,47.751076,-120.740135,1,3,0,5,Apr,4,2021,72472
53,Washington,WA,47.751076,-120.740135,1,3,0,5,Apr,4,2022,117454
53,Washington,WA,47.751076,-120.740135,1,3,0,5,May,5,2021,16084
53,Washington,WA,47.751076,-120.740135,1,3,0,5,May,5,2022,59194.6
53,Washington,WA,47.751076,-120.740135,1,3,0,5,Jun,6,2021,172818.4
53,Washington,WA,47.751076,-120.740135,1,3,0,5,Jul,7,2021,106103.2
53,Washington,WA,47.751076,-120.740135,1,3,0,5,Aug,8,2021,185490.6
53,Washington,WA,47.751076,-120.740135,1,3,0,5,Sep,9,2021,212252.8
53,Washington,WA,47.751076,-120.740135,1,3,0,5,Oct,10,2021,224197
53,Washington,WA,47.751076,-120.740135,1,3,0,5,Nov,11,2021,216068.2
53,Washington,WA,47.751076,-120.740135,1,3,0,5,Dec,12,2021,320564
54,West Virginia,WV,39,-80.5,7,2,6,3,Jan,1,2021,167193
54,West Virginia,WV,39,-80.5,7,2,6,3,Jan,1,2022,18000
54,West Virginia,WV,39,-80.5,7,2,6,3,Feb,2,2021,54714
54,West Virginia,WV,39,-80.5,7,2,6,3,Feb,2,2022,100000
54,West Virginia,WV,39,-80.5,7,2,6,3,Mar,3,2021,16740
54,West Virginia,WV,39,-80.5,7,2,6,3,Mar,3,2022,201158
54,West Virginia,WV,39,-80.5,7,2,6,3,Apr,4,2021,146789
54,West Virginia,WV,39,-80.5,7,2,6,3,Apr,4,2022,100000
54,West Virginia,WV,39,-80.5,7,2,6,3,May,5,2021,130955
54,West Virginia,WV,39,-80.5,7,2,6,3,May,5,2022,100000
54,West Virginia,WV,39,-80.5,7,2,6,3,Jun,6,2021,164975
54,West Virginia,WV,39,-80.5,7,2,6,3,Jul,7,2021,94118
54,West Virginia,WV,39,-80.5,7,2,6,3,Aug,8,2021,37819
54,West Virginia,WV,39,-80.5,7,2,6,3,Sep,9,2021,85712
54,West Virginia,WV,39,-80.5,7,2,6,3,Oct,10,2021,164975
54,West Virginia,WV,39,-80.5,7,2,6,3,Nov,11,2021,164975
54,West Virginia,WV,39,-80.5,7,2,6,3,Dec,12,2021,449813
55,Wisconsin,WI,44.5,-89.5,5,3,5,6,Jan,1,2021,167193
55,Wisconsin,WI,44.5,-89.5,5,3,5,6,Jan,1,2022,18000
55,Wisconsin,WI,44.5,-89.5,5,3,5,6,Feb,2,2021,54714
55,Wisconsin,WI,44.5,-89.5,5,3,5,6,Feb,2,2022,100000
55,Wisconsin,WI,44.5,-89.5,5,3,5,6,Mar,3,2021,16740
55,Wisconsin,WI,44.5,-89.5,5,3,5,6,Mar,3,2022,201158
55,Wisconsin,WI,44.5,-89.5,5,3,5,6,Apr,4,2021,146789
55,Wisconsin,WI,44.5,-89.5,5,3,5,6,Apr,4,2022,100000
55,Wisconsin,WI,44.5,-89.5,5,3,5,6,May,5,2021,130955
55,Wisconsin,WI,44.5,-89.5,5,3,5,6,May,5,2022,100000
55,Wisconsin,WI,44.5,-89.5,5,3,5,6,Jun,6,2021,164975
55,Wisconsin,WI,44.5,-89.5,5,3,5,6,Jul,7,2021,94118
55,Wisconsin,WI,44.5,-89.5,5,3,5,6,Aug,8,2021,37819
55,Wisconsin,WI,44.5,-89.5,5,3,5,6,Sep,9,2021,85712
55,Wisconsin,WI,44.5,-89.5,5,3,5,6,Oct,10,2021,164975
55,Wisconsin,WI,44.5,-89.5,5,3,5,6,Nov,11,2021,164975
55,Wisconsin,WI,44.5,-89.5,5,3,5,6,Dec,12,2021,449813
56,Wyoming,WY,43.07597,-107.290283,2.5,2.5,2,4,Jan,1,2021,160313.6
56,Wyoming,WY,43.07597,-107.290283,2.5,2.5,2,4,Jan,1,2022,18000
56,Wyoming,WY,43.07597,-107.290283,2.5,2.5,2,4,Feb,2,2021,160313.6
56,Wyoming,WY,43.07597,-107.290283,2.5,2.5,2,4,Feb,2,2022,100000
56,Wyoming,WY,43.07597,-107.290283,2.5,2.5,2,4,Mar,3,2021,160313.6
56,Wyoming,WY,43.07597,-107.290283,2.5,2.5,2,4,Mar,3,2022,201158
56,Wyoming,WY,43.07597,-107.290283,2.5,2.5,2,4,Apr,4,2021,16740
56,Wyoming,WY,43.07597,-107.290283,2.5,2.5,2,4,Apr,4,2022,100000
56,Wyoming,WY,43.07597,-107.290283,2.5,2.5,2,4,May,5,2021,146789
56,Wyoming,WY,43.07597,-107.290283,2.5,2.5,2,4,May,5,2022,100000
56,Wyoming,WY,43.07597,-107.290283,2.5,2.5,2,4,Jun,6,2021,130955
56,Wyoming,WY,43.07597,-107.290283,2.5,2.5,2,4,Jul,7,2021,94118
56,Wyoming,WY,43.07597,-107.290283,2.5,2.5,2,4,Aug,8,2021,37819
56,Wyoming,WY,43.07597,-107.290283,2.5,2.5,2,4,Sep,9,2021,85712
56,Wyoming,WY,43.07597,-107.290283,2.5,2.5,2,4,Oct,10,2021,130313.6
56,Wyoming,WY,43.07597,-107.290283,2.5,2.5,2,4,Nov,11,2021,140313.6
56,Wyoming,WY,43.07597,-107.290283,2.5,2.5,2,4,Dec,12,2021,160313.6
